-- MariaDB dump 10.19-11.3.2-MariaDB, for Win64 (AMD64)
--
-- Host: localhost    Database: broodjeszaakDB
-- ------------------------------------------------------
-- Server version	11.3.2-MariaDB

/*!40101 SET @OLD_CHARACTER_SET_CLIENT=@@CHARACTER_SET_CLIENT */;
/*!40101 SET @OLD_CHARACTER_SET_RESULTS=@@CHARACTER_SET_RESULTS */;
/*!40101 SET @OLD_COLLATION_CONNECTION=@@COLLATION_CONNECTION */;
/*!40101 SET NAMES utf8mb4 */;
/*!40103 SET @OLD_TIME_ZONE=@@TIME_ZONE */;
/*!40103 SET TIME_ZONE='+00:00' */;
/*!40014 SET @OLD_UNIQUE_CHECKS=@@UNIQUE_CHECKS, UNIQUE_CHECKS=0 */;
/*!40014 SET @OLD_FOREIGN_KEY_CHECKS=@@FOREIGN_KEY_CHECKS, FOREIGN_KEY_CHECKS=0 */;
/*!40101 SET @OLD_SQL_MODE=@@SQL_MODE, SQL_MODE='NO_AUTO_VALUE_ON_ZERO' */;
/*!40111 SET @OLD_SQL_NOTES=@@SQL_NOTES, SQL_NOTES=0 */;

--
-- Table structure for table `__efmigrationshistory`
--

DROP TABLE IF EXISTS `__efmigrationshistory`;
/*!40101 SET @saved_cs_client     = @@character_set_client */;
/*!40101 SET character_set_client = utf8 */;
CREATE TABLE `__efmigrationshistory` (
  `MigrationId` varchar(150) NOT NULL,
  `ProductVersion` varchar(32) NOT NULL,
  PRIMARY KEY (`MigrationId`)
) ENGINE=InnoDB DEFAULT CHARSET=utf8mb4 COLLATE=utf8mb4_general_ci;
/*!40101 SET character_set_client = @saved_cs_client */;

--
-- Dumping data for table `__efmigrationshistory`
--

LOCK TABLES `__efmigrationshistory` WRITE;
/*!40000 ALTER TABLE `__efmigrationshistory` DISABLE KEYS */;
INSERT INTO `__efmigrationshistory` VALUES
('20240227221621_InitialCreate','6.0.27'),
('20240314090334_AddIdentity','6.0.27'),
('20240326110109_AddImagePathToProduct','6.0.27');
/*!40000 ALTER TABLE `__efmigrationshistory` ENABLE KEYS */;
UNLOCK TABLES;

--
-- Table structure for table `aggregatedcounter`
--

DROP TABLE IF EXISTS `aggregatedcounter`;
/*!40101 SET @saved_cs_client     = @@character_set_client */;
/*!40101 SET character_set_client = utf8 */;
CREATE TABLE `aggregatedcounter` (
  `Id` int(11) NOT NULL AUTO_INCREMENT,
  `Key` varchar(100) NOT NULL,
  `Value` int(11) NOT NULL,
  `ExpireAt` datetime DEFAULT NULL,
  PRIMARY KEY (`Id`),
  UNIQUE KEY `IX_CounterAggregated_Key` (`Key`)
) ENGINE=InnoDB DEFAULT CHARSET=utf8mb3 COLLATE=utf8mb3_general_ci;
/*!40101 SET character_set_client = @saved_cs_client */;

--
-- Dumping data for table `aggregatedcounter`
--

LOCK TABLES `aggregatedcounter` WRITE;
/*!40000 ALTER TABLE `aggregatedcounter` DISABLE KEYS */;
/*!40000 ALTER TABLE `aggregatedcounter` ENABLE KEYS */;
UNLOCK TABLES;

--
-- Table structure for table `aspnetroleclaims`
--

DROP TABLE IF EXISTS `aspnetroleclaims`;
/*!40101 SET @saved_cs_client     = @@character_set_client */;
/*!40101 SET character_set_client = utf8 */;
CREATE TABLE `aspnetroleclaims` (
  `Id` int(11) NOT NULL AUTO_INCREMENT,
  `RoleId` varchar(255) NOT NULL,
  `ClaimType` longtext DEFAULT NULL,
  `ClaimValue` longtext DEFAULT NULL,
  PRIMARY KEY (`Id`),
  KEY `IX_AspNetRoleClaims_RoleId` (`RoleId`),
  CONSTRAINT `FK_AspNetRoleClaims_AspNetRoles_RoleId` FOREIGN KEY (`RoleId`) REFERENCES `aspnetroles` (`Id`) ON DELETE CASCADE
) ENGINE=InnoDB DEFAULT CHARSET=utf8mb4 COLLATE=utf8mb4_general_ci;
/*!40101 SET character_set_client = @saved_cs_client */;

--
-- Dumping data for table `aspnetroleclaims`
--

LOCK TABLES `aspnetroleclaims` WRITE;
/*!40000 ALTER TABLE `aspnetroleclaims` DISABLE KEYS */;
/*!40000 ALTER TABLE `aspnetroleclaims` ENABLE KEYS */;
UNLOCK TABLES;

--
-- Table structure for table `aspnetroles`
--

DROP TABLE IF EXISTS `aspnetroles`;
/*!40101 SET @saved_cs_client     = @@character_set_client */;
/*!40101 SET character_set_client = utf8 */;
CREATE TABLE `aspnetroles` (
  `Id` varchar(255) NOT NULL,
  `Name` varchar(256) DEFAULT NULL,
  `NormalizedName` varchar(256) DEFAULT NULL,
  `ConcurrencyStamp` longtext DEFAULT NULL,
  PRIMARY KEY (`Id`),
  UNIQUE KEY `RoleNameIndex` (`NormalizedName`)
) ENGINE=InnoDB DEFAULT CHARSET=utf8mb4 COLLATE=utf8mb4_general_ci;
/*!40101 SET character_set_client = @saved_cs_client */;

--
-- Dumping data for table `aspnetroles`
--

LOCK TABLES `aspnetroles` WRITE;
/*!40000 ALTER TABLE `aspnetroles` DISABLE KEYS */;
INSERT INTO `aspnetroles` VALUES
('8d53142d-de13-4e1f-a6b1-6ec4a8fc164d','Admin','ADMIN','53427494-d370-48d0-9fb9-68ebca55a51f'),
('b183c834-3e9a-49af-986a-00b526a881ad','Employee','EMPLOYEE','4f3ef89e-4f36-497e-95ce-f501435cc27a'),
('b5c34752-4959-4882-833a-de4a32d164fa','PendingUser','PENDINGUSER','45e3dd91-e11e-4aa7-8102-51bd5d25f906'),
('c6d0b636-29ae-4516-865b-b32979475103','Administrator','ADMINISTRATOR','fd2a11cd-f2b6-4f64-8983-b4f041551fbb'),
('cea82190-2086-45f8-ac1c-5b0928174c6d','User','USER','7b386a47-9500-4fe3-935c-70d4f1809a03'),
('e7d0ba1d-8531-4c0f-97b9-1d269198ccac','Manager','MANAGER','cb60fe79-4250-455f-aa70-713d8704a4a1');
/*!40000 ALTER TABLE `aspnetroles` ENABLE KEYS */;
UNLOCK TABLES;

--
-- Table structure for table `aspnetuserclaims`
--

DROP TABLE IF EXISTS `aspnetuserclaims`;
/*!40101 SET @saved_cs_client     = @@character_set_client */;
/*!40101 SET character_set_client = utf8 */;
CREATE TABLE `aspnetuserclaims` (
  `Id` int(11) NOT NULL AUTO_INCREMENT,
  `UserId` varchar(255) NOT NULL,
  `ClaimType` longtext DEFAULT NULL,
  `ClaimValue` longtext DEFAULT NULL,
  PRIMARY KEY (`Id`),
  KEY `IX_AspNetUserClaims_UserId` (`UserId`),
  CONSTRAINT `FK_AspNetUserClaims_AspNetUsers_UserId` FOREIGN KEY (`UserId`) REFERENCES `aspnetusers` (`Id`) ON DELETE CASCADE
) ENGINE=InnoDB AUTO_INCREMENT=17 DEFAULT CHARSET=utf8mb4 COLLATE=utf8mb4_general_ci;
/*!40101 SET character_set_client = @saved_cs_client */;

--
-- Dumping data for table `aspnetuserclaims`
--

LOCK TABLES `aspnetuserclaims` WRITE;
/*!40000 ALTER TABLE `aspnetuserclaims` DISABLE KEYS */;
INSERT INTO `aspnetuserclaims` VALUES
(1,'15a79fd3-4fb8-4ba2-8f6b-f616e86eb2e9','IsApproved','True'),
(11,'a2df0463-aad5-4db1-94e8-e93599202cc5','IsApproved','True'),
(14,'13bb41d7-7339-4061-8ffc-139a8704b02d','IsApproved','True'),
(15,'768f45e9-2bba-46f9-917d-923c0888eb91','IsApproved','True'),
(16,'e911c64f-e263-4ee8-8c17-1ea6d99561a0','IsApproved','True');
/*!40000 ALTER TABLE `aspnetuserclaims` ENABLE KEYS */;
UNLOCK TABLES;

--
-- Table structure for table `aspnetuserlogins`
--

DROP TABLE IF EXISTS `aspnetuserlogins`;
/*!40101 SET @saved_cs_client     = @@character_set_client */;
/*!40101 SET character_set_client = utf8 */;
CREATE TABLE `aspnetuserlogins` (
  `LoginProvider` varchar(128) NOT NULL,
  `ProviderKey` varchar(128) NOT NULL,
  `ProviderDisplayName` longtext DEFAULT NULL,
  `UserId` varchar(255) NOT NULL,
  PRIMARY KEY (`LoginProvider`,`ProviderKey`),
  KEY `IX_AspNetUserLogins_UserId` (`UserId`),
  CONSTRAINT `FK_AspNetUserLogins_AspNetUsers_UserId` FOREIGN KEY (`UserId`) REFERENCES `aspnetusers` (`Id`) ON DELETE CASCADE
) ENGINE=InnoDB DEFAULT CHARSET=utf8mb4 COLLATE=utf8mb4_general_ci;
/*!40101 SET character_set_client = @saved_cs_client */;

--
-- Dumping data for table `aspnetuserlogins`
--

LOCK TABLES `aspnetuserlogins` WRITE;
/*!40000 ALTER TABLE `aspnetuserlogins` DISABLE KEYS */;
/*!40000 ALTER TABLE `aspnetuserlogins` ENABLE KEYS */;
UNLOCK TABLES;

--
-- Table structure for table `aspnetuserroles`
--

DROP TABLE IF EXISTS `aspnetuserroles`;
/*!40101 SET @saved_cs_client     = @@character_set_client */;
/*!40101 SET character_set_client = utf8 */;
CREATE TABLE `aspnetuserroles` (
  `UserId` varchar(255) NOT NULL,
  `RoleId` varchar(255) NOT NULL,
  PRIMARY KEY (`UserId`,`RoleId`),
  KEY `IX_AspNetUserRoles_RoleId` (`RoleId`),
  CONSTRAINT `FK_AspNetUserRoles_AspNetRoles_RoleId` FOREIGN KEY (`RoleId`) REFERENCES `aspnetroles` (`Id`) ON DELETE CASCADE,
  CONSTRAINT `FK_AspNetUserRoles_AspNetUsers_UserId` FOREIGN KEY (`UserId`) REFERENCES `aspnetusers` (`Id`) ON DELETE CASCADE
) ENGINE=InnoDB DEFAULT CHARSET=utf8mb4 COLLATE=utf8mb4_general_ci;
/*!40101 SET character_set_client = @saved_cs_client */;

--
-- Dumping data for table `aspnetuserroles`
--

LOCK TABLES `aspnetuserroles` WRITE;
/*!40000 ALTER TABLE `aspnetuserroles` DISABLE KEYS */;
INSERT INTO `aspnetuserroles` VALUES
('15a79fd3-4fb8-4ba2-8f6b-f616e86eb2e9','8d53142d-de13-4e1f-a6b1-6ec4a8fc164d'),
('800987fc-e227-4641-b044-a4305a241c06','8d53142d-de13-4e1f-a6b1-6ec4a8fc164d'),
('a2df0463-aad5-4db1-94e8-e93599202cc5','b183c834-3e9a-49af-986a-00b526a881ad'),
('15a79fd3-4fb8-4ba2-8f6b-f616e86eb2e9','c6d0b636-29ae-4516-865b-b32979475103'),
('13bb41d7-7339-4061-8ffc-139a8704b02d','cea82190-2086-45f8-ac1c-5b0928174c6d'),
('768f45e9-2bba-46f9-917d-923c0888eb91','cea82190-2086-45f8-ac1c-5b0928174c6d'),
('a2df0463-aad5-4db1-94e8-e93599202cc5','cea82190-2086-45f8-ac1c-5b0928174c6d'),
('e911c64f-e263-4ee8-8c17-1ea6d99561a0','cea82190-2086-45f8-ac1c-5b0928174c6d');
/*!40000 ALTER TABLE `aspnetuserroles` ENABLE KEYS */;
UNLOCK TABLES;

--
-- Table structure for table `aspnetusers`
--

DROP TABLE IF EXISTS `aspnetusers`;
/*!40101 SET @saved_cs_client     = @@character_set_client */;
/*!40101 SET character_set_client = utf8 */;
CREATE TABLE `aspnetusers` (
  `Id` varchar(255) NOT NULL,
  `UserName` varchar(256) DEFAULT NULL,
  `NormalizedUserName` varchar(256) DEFAULT NULL,
  `Email` varchar(256) DEFAULT NULL,
  `NormalizedEmail` varchar(256) DEFAULT NULL,
  `EmailConfirmed` tinyint(1) NOT NULL,
  `PasswordHash` longtext DEFAULT NULL,
  `SecurityStamp` longtext DEFAULT NULL,
  `ConcurrencyStamp` longtext DEFAULT NULL,
  `PhoneNumber` longtext DEFAULT NULL,
  `PhoneNumberConfirmed` tinyint(1) NOT NULL,
  `TwoFactorEnabled` tinyint(1) NOT NULL,
  `LockoutEnd` datetime(6) DEFAULT NULL,
  `LockoutEnabled` tinyint(1) NOT NULL,
  `AccessFailedCount` int(11) NOT NULL,
  PRIMARY KEY (`Id`),
  UNIQUE KEY `UserNameIndex` (`NormalizedUserName`),
  KEY `EmailIndex` (`NormalizedEmail`)
) ENGINE=InnoDB DEFAULT CHARSET=utf8mb4 COLLATE=utf8mb4_general_ci;
/*!40101 SET character_set_client = @saved_cs_client */;

--
-- Dumping data for table `aspnetusers`
--

LOCK TABLES `aspnetusers` WRITE;
/*!40000 ALTER TABLE `aspnetusers` DISABLE KEYS */;
INSERT INTO `aspnetusers` VALUES
('13bb41d7-7339-4061-8ffc-139a8704b02d','a@n.be','A@N.BE','a@n.be','A@N.BE',0,'AQAAAAEAACcQAAAAED+maBGKcCWtFGGjlK4UWRntCyFiiJCtWpVFhY9sapUK6qp5Z/uUXYukId1eKyomSQ==','H6DCDYZBAZW5BIWGN4HMPQGQQGOXLEM5','0763a252-c79c-4c89-9e29-9fed8d2ff3ac',NULL,0,0,NULL,1,0),
('15a79fd3-4fb8-4ba2-8f6b-f616e86eb2e9','admin@example.com','ADMIN@EXAMPLE.COM','admin@example.com','ADMIN@EXAMPLE.COM',0,'AQAAAAEAACcQAAAAENnrz86RHWadHBA5qYo/OrEelhfCqI6zcGAnolkVpXPfBuXgo22BSOzKt8OguM0ECA==','MWEQRPO4GYYPJG7OAP4VJNBGAXP26WTV','7ed4e8ac-dfce-47d8-8bfc-eb6bf271a4dc',NULL,0,0,NULL,1,0),
('768f45e9-2bba-46f9-917d-923c0888eb91','c@n.be','C@N.BE','c@n.be','C@N.BE',0,'AQAAAAEAACcQAAAAEINivLKHnmkfWm8hGbjInYeGtZ3/gEAgv15jvXqlsJZXvUctoOGIxWxZ4k87tGAEKw==','RSHT4LM5L5LQDEOPYYQYX4YEIMOBCU6T','0c463f92-90f5-4d89-88b7-9f22b84c6806',NULL,0,0,NULL,1,0),
('800987fc-e227-4641-b044-a4305a241c06','admin@vives.be','ADMIN@VIVES.BE','admin@vives.be','ADMIN@VIVES.BE',0,'AQAAAAEAACcQAAAAEI5vxcYumJmMG/CYNB8gaCI2Bz5RczDmhXYjTl08DpZ4Msdm+hbRSvyLO7xkvSq3jQ==','BROGCNOMJ7SAPJGOJKASOY4JUCISXFMY','8c447df6-e888-434e-9391-e2375ff5d1ad',NULL,0,0,NULL,1,0),
('a2df0463-aad5-4db1-94e8-e93599202cc5','employee@vives.be','EMPLOYEE@VIVES.BE','employee@vives.be','EMPLOYEE@VIVES.BE',0,'AQAAAAEAACcQAAAAEF2R6dXjDfqkMtpjzYZY+HBkQZk5q035c62AUTAEl8Dm6HXiNAj1u+Qm6J+NDkbQIA==','TVYQUMDHCM3SB64IYTCX57ZBRLXQLTBM','a677cdf9-9f6d-4e55-9731-5b81ce7dd973',NULL,0,0,NULL,1,0),
('e911c64f-e263-4ee8-8c17-1ea6d99561a0','cringe@allaaahh.xdd','CRINGE@ALLAAAHH.XDD','cringe@allaaahh.xdd','CRINGE@ALLAAAHH.XDD',0,'AQAAAAEAACcQAAAAENwbZibgyOKM3uHN9fVw3hMOlRYjSK+8iESNRluWZjXFb9tK88tEnx/KimaTf6bfzw==','VUEKL2HI6S6MLVVQOO77N2JIXPYUCAQW','4136ddc9-0736-4b5e-b196-9e73c474fc65',NULL,0,0,NULL,1,0);
/*!40000 ALTER TABLE `aspnetusers` ENABLE KEYS */;
UNLOCK TABLES;

--
-- Table structure for table `aspnetusertokens`
--

DROP TABLE IF EXISTS `aspnetusertokens`;
/*!40101 SET @saved_cs_client     = @@character_set_client */;
/*!40101 SET character_set_client = utf8 */;
CREATE TABLE `aspnetusertokens` (
  `UserId` varchar(255) NOT NULL,
  `LoginProvider` varchar(128) NOT NULL,
  `Name` varchar(128) NOT NULL,
  `Value` longtext DEFAULT NULL,
  PRIMARY KEY (`UserId`,`LoginProvider`,`Name`),
  CONSTRAINT `FK_AspNetUserTokens_AspNetUsers_UserId` FOREIGN KEY (`UserId`) REFERENCES `aspnetusers` (`Id`) ON DELETE CASCADE
) ENGINE=InnoDB DEFAULT CHARSET=utf8mb4 COLLATE=utf8mb4_general_ci;
/*!40101 SET character_set_client = @saved_cs_client */;

--
-- Dumping data for table `aspnetusertokens`
--

LOCK TABLES `aspnetusertokens` WRITE;
/*!40000 ALTER TABLE `aspnetusertokens` DISABLE KEYS */;
/*!40000 ALTER TABLE `aspnetusertokens` ENABLE KEYS */;
UNLOCK TABLES;

--
-- Table structure for table `counter`
--

DROP TABLE IF EXISTS `counter`;
/*!40101 SET @saved_cs_client     = @@character_set_client */;
/*!40101 SET character_set_client = utf8 */;
CREATE TABLE `counter` (
  `Id` int(11) NOT NULL AUTO_INCREMENT,
  `Key` varchar(100) NOT NULL,
  `Value` int(11) NOT NULL,
  `ExpireAt` datetime DEFAULT NULL,
  PRIMARY KEY (`Id`),
  KEY `IX_Counter_Key` (`Key`)
) ENGINE=InnoDB DEFAULT CHARSET=utf8mb3 COLLATE=utf8mb3_general_ci;
/*!40101 SET character_set_client = @saved_cs_client */;

--
-- Dumping data for table `counter`
--

LOCK TABLES `counter` WRITE;
/*!40000 ALTER TABLE `counter` DISABLE KEYS */;
/*!40000 ALTER TABLE `counter` ENABLE KEYS */;
UNLOCK TABLES;

--
-- Table structure for table `distributedlock`
--

DROP TABLE IF EXISTS `distributedlock`;
/*!40101 SET @saved_cs_client     = @@character_set_client */;
/*!40101 SET character_set_client = utf8 */;
CREATE TABLE `distributedlock` (
  `Resource` varchar(100) NOT NULL,
  `CreatedAt` datetime(6) NOT NULL
) ENGINE=InnoDB DEFAULT CHARSET=utf8mb3 COLLATE=utf8mb3_general_ci;
/*!40101 SET character_set_client = @saved_cs_client */;

--
-- Dumping data for table `distributedlock`
--

LOCK TABLES `distributedlock` WRITE;
/*!40000 ALTER TABLE `distributedlock` DISABLE KEYS */;
/*!40000 ALTER TABLE `distributedlock` ENABLE KEYS */;
UNLOCK TABLES;

--
-- Table structure for table `hash`
--

DROP TABLE IF EXISTS `hash`;
/*!40101 SET @saved_cs_client     = @@character_set_client */;
/*!40101 SET character_set_client = utf8 */;
CREATE TABLE `hash` (
  `Id` int(11) NOT NULL AUTO_INCREMENT,
  `Key` varchar(100) NOT NULL,
  `Field` varchar(40) NOT NULL,
  `Value` longtext DEFAULT NULL,
  `ExpireAt` datetime(6) DEFAULT NULL,
  PRIMARY KEY (`Id`),
  UNIQUE KEY `IX_Hash_Key_Field` (`Key`,`Field`)
) ENGINE=InnoDB DEFAULT CHARSET=utf8mb3 COLLATE=utf8mb3_general_ci;
/*!40101 SET character_set_client = @saved_cs_client */;

--
-- Dumping data for table `hash`
--

LOCK TABLES `hash` WRITE;
/*!40000 ALTER TABLE `hash` DISABLE KEYS */;
/*!40000 ALTER TABLE `hash` ENABLE KEYS */;
UNLOCK TABLES;

--
-- Table structure for table `job`
--

DROP TABLE IF EXISTS `job`;
/*!40101 SET @saved_cs_client     = @@character_set_client */;
/*!40101 SET character_set_client = utf8 */;
CREATE TABLE `job` (
  `Id` int(11) NOT NULL AUTO_INCREMENT,
  `StateId` int(11) DEFAULT NULL,
  `StateName` varchar(20) DEFAULT NULL,
  `InvocationData` longtext NOT NULL,
  `Arguments` longtext NOT NULL,
  `CreatedAt` datetime(6) NOT NULL,
  `ExpireAt` datetime(6) DEFAULT NULL,
  PRIMARY KEY (`Id`),
  KEY `IX_Job_StateName` (`StateName`)
) ENGINE=InnoDB DEFAULT CHARSET=utf8mb3 COLLATE=utf8mb3_general_ci;
/*!40101 SET character_set_client = @saved_cs_client */;

--
-- Dumping data for table `job`
--

LOCK TABLES `job` WRITE;
/*!40000 ALTER TABLE `job` DISABLE KEYS */;
/*!40000 ALTER TABLE `job` ENABLE KEYS */;
UNLOCK TABLES;

--
-- Table structure for table `jobparameter`
--

DROP TABLE IF EXISTS `jobparameter`;
/*!40101 SET @saved_cs_client     = @@character_set_client */;
/*!40101 SET character_set_client = utf8 */;
CREATE TABLE `jobparameter` (
  `Id` int(11) NOT NULL AUTO_INCREMENT,
  `JobId` int(11) NOT NULL,
  `Name` varchar(40) NOT NULL,
  `Value` longtext DEFAULT NULL,
  PRIMARY KEY (`Id`),
  UNIQUE KEY `IX_JobParameter_JobId_Name` (`JobId`,`Name`),
  KEY `FK_JobParameter_Job` (`JobId`),
  CONSTRAINT `FK_JobParameter_Job` FOREIGN KEY (`JobId`) REFERENCES `job` (`Id`) ON DELETE CASCADE ON UPDATE CASCADE
) ENGINE=InnoDB DEFAULT CHARSET=utf8mb3 COLLATE=utf8mb3_general_ci;
/*!40101 SET character_set_client = @saved_cs_client */;

--
-- Dumping data for table `jobparameter`
--

LOCK TABLES `jobparameter` WRITE;
/*!40000 ALTER TABLE `jobparameter` DISABLE KEYS */;
/*!40000 ALTER TABLE `jobparameter` ENABLE KEYS */;
UNLOCK TABLES;

--
-- Table structure for table `jobqueue`
--

DROP TABLE IF EXISTS `jobqueue`;
/*!40101 SET @saved_cs_client     = @@character_set_client */;
/*!40101 SET character_set_client = utf8 */;
CREATE TABLE `jobqueue` (
  `Id` int(11) NOT NULL AUTO_INCREMENT,
  `JobId` int(11) NOT NULL,
  `FetchedAt` datetime(6) DEFAULT NULL,
  `Queue` varchar(50) NOT NULL,
  `FetchToken` varchar(36) DEFAULT NULL,
  PRIMARY KEY (`Id`),
  KEY `IX_JobQueue_QueueAndFetchedAt` (`Queue`,`FetchedAt`)
) ENGINE=InnoDB DEFAULT CHARSET=utf8mb3 COLLATE=utf8mb3_general_ci;
/*!40101 SET character_set_client = @saved_cs_client */;

--
-- Dumping data for table `jobqueue`
--

LOCK TABLES `jobqueue` WRITE;
/*!40000 ALTER TABLE `jobqueue` DISABLE KEYS */;
/*!40000 ALTER TABLE `jobqueue` ENABLE KEYS */;
UNLOCK TABLES;

--
-- Table structure for table `jobstate`
--

DROP TABLE IF EXISTS `jobstate`;
/*!40101 SET @saved_cs_client     = @@character_set_client */;
/*!40101 SET character_set_client = utf8 */;
CREATE TABLE `jobstate` (
  `Id` int(11) NOT NULL AUTO_INCREMENT,
  `JobId` int(11) NOT NULL,
  `CreatedAt` datetime(6) NOT NULL,
  `Name` varchar(20) NOT NULL,
  `Reason` varchar(100) DEFAULT NULL,
  `Data` longtext DEFAULT NULL,
  PRIMARY KEY (`Id`),
  KEY `FK_JobState_Job` (`JobId`),
  CONSTRAINT `FK_JobState_Job` FOREIGN KEY (`JobId`) REFERENCES `job` (`Id`) ON DELETE CASCADE ON UPDATE CASCADE
) ENGINE=InnoDB DEFAULT CHARSET=utf8mb3 COLLATE=utf8mb3_general_ci;
/*!40101 SET character_set_client = @saved_cs_client */;

--
-- Dumping data for table `jobstate`
--

LOCK TABLES `jobstate` WRITE;
/*!40000 ALTER TABLE `jobstate` DISABLE KEYS */;
/*!40000 ALTER TABLE `jobstate` ENABLE KEYS */;
UNLOCK TABLES;

--
-- Table structure for table `list`
--

DROP TABLE IF EXISTS `list`;
/*!40101 SET @saved_cs_client     = @@character_set_client */;
/*!40101 SET character_set_client = utf8 */;
CREATE TABLE `list` (
  `Id` int(11) NOT NULL AUTO_INCREMENT,
  `Key` varchar(100) NOT NULL,
  `Value` longtext DEFAULT NULL,
  `ExpireAt` datetime(6) DEFAULT NULL,
  PRIMARY KEY (`Id`)
) ENGINE=InnoDB DEFAULT CHARSET=utf8mb3 COLLATE=utf8mb3_general_ci;
/*!40101 SET character_set_client = @saved_cs_client */;

--
-- Dumping data for table `list`
--

LOCK TABLES `list` WRITE;
/*!40000 ALTER TABLE `list` DISABLE KEYS */;
/*!40000 ALTER TABLE `list` ENABLE KEYS */;
UNLOCK TABLES;

--
-- Table structure for table `orderdetails`
--

DROP TABLE IF EXISTS `orderdetails`;
/*!40101 SET @saved_cs_client     = @@character_set_client */;
/*!40101 SET character_set_client = utf8 */;
CREATE TABLE `orderdetails` (
  `OrderDetailId` int(11) NOT NULL AUTO_INCREMENT,
  `OrderId` int(11) NOT NULL,
  `ProductId` int(11) NOT NULL,
  `Quantity` int(11) NOT NULL,
  `Price` decimal(65,30) NOT NULL,
  PRIMARY KEY (`OrderDetailId`),
  KEY `IX_OrderDetails_OrderId` (`OrderId`),
  CONSTRAINT `FK_OrderDetails_Orders_OrderId` FOREIGN KEY (`OrderId`) REFERENCES `orders` (`OrderId`) ON DELETE CASCADE
) ENGINE=InnoDB AUTO_INCREMENT=31 DEFAULT CHARSET=utf8mb4 COLLATE=utf8mb4_general_ci;
/*!40101 SET character_set_client = @saved_cs_client */;

--
-- Dumping data for table `orderdetails`
--

LOCK TABLES `orderdetails` WRITE;
/*!40000 ALTER TABLE `orderdetails` DISABLE KEYS */;
INSERT INTO `orderdetails` VALUES
(24,14,1,2,3.250000000000000000000000000000),
(25,14,7,1,4.000000000000000000000000000000),
(26,15,1,2,3.250000000000000000000000000000),
(27,15,2,4,3.500000000000000000000000000000);
/*!40000 ALTER TABLE `orderdetails` ENABLE KEYS */;
UNLOCK TABLES;

--
-- Table structure for table `orders`
--

DROP TABLE IF EXISTS `orders`;
/*!40101 SET @saved_cs_client     = @@character_set_client */;
/*!40101 SET character_set_client = utf8 */;
CREATE TABLE `orders` (
  `OrderId` int(11) NOT NULL AUTO_INCREMENT,
  `UserId` longtext NOT NULL,
  PRIMARY KEY (`OrderId`)
) ENGINE=InnoDB AUTO_INCREMENT=17 DEFAULT CHARSET=utf8mb4 COLLATE=utf8mb4_general_ci;
/*!40101 SET character_set_client = @saved_cs_client */;

--
-- Dumping data for table `orders`
--

LOCK TABLES `orders` WRITE;
/*!40000 ALTER TABLE `orders` DISABLE KEYS */;
INSERT INTO `orders` VALUES
(14,'13bb41d7-7339-4061-8ffc-139a8704b02d'),
(15,'768f45e9-2bba-46f9-917d-923c0888eb91');
/*!40000 ALTER TABLE `orders` ENABLE KEYS */;
UNLOCK TABLES;

--
-- Table structure for table `producten`
--

DROP TABLE IF EXISTS `producten`;
/*!40101 SET @saved_cs_client     = @@character_set_client */;
/*!40101 SET character_set_client = utf8 */;
CREATE TABLE `producten` (
  `ProductID` int(11) NOT NULL AUTO_INCREMENT,
  `Name` longtext NOT NULL,
  `Price` decimal(10,2) DEFAULT NULL,
  `ImagePath` longtext NOT NULL,
  PRIMARY KEY (`ProductID`)
) ENGINE=InnoDB AUTO_INCREMENT=8 DEFAULT CHARSET=utf8mb4 COLLATE=utf8mb4_general_ci;
/*!40101 SET character_set_client = @saved_cs_client */;

--
-- Dumping data for table `producten`
--

LOCK TABLES `producten` WRITE;
/*!40000 ALTER TABLE `producten` DISABLE KEYS */;
INSERT INTO `producten` VALUES
(1,'Broodje Ham',3.25,'broodje-ham'),
(2,'Broodje Kaas',3.50,'broodje-kaas'),
(7,'Broodje Gezond',4.00,'broodje-gezond');
/*!40000 ALTER TABLE `producten` ENABLE KEYS */;
UNLOCK TABLES;

--
-- Table structure for table `server`
--

DROP TABLE IF EXISTS `server`;
/*!40101 SET @saved_cs_client     = @@character_set_client */;
/*!40101 SET character_set_client = utf8 */;
CREATE TABLE `server` (
  `Id` varchar(100) NOT NULL,
  `Data` longtext NOT NULL,
  `LastHeartbeat` datetime(6) DEFAULT NULL,
  PRIMARY KEY (`Id`)
) ENGINE=InnoDB DEFAULT CHARSET=utf8mb3 COLLATE=utf8mb3_general_ci;
/*!40101 SET character_set_client = @saved_cs_client */;

--
-- Dumping data for table `server`
--

LOCK TABLES `server` WRITE;
/*!40000 ALTER TABLE `server` DISABLE KEYS */;
INSERT INTO `server` VALUES
('robbe:1288:9cfb6be6-419c-4f0e-942f-3c092b8e1f08','{\"WorkerCount\":20,\"Queues\":[\"default\"],\"StartedAt\":\"2024-03-28T11:39:53.1488674Z\"}','2024-03-28 11:40:23.333410');
/*!40000 ALTER TABLE `server` ENABLE KEYS */;
UNLOCK TABLES;

--
-- Table structure for table `set`
--

DROP TABLE IF EXISTS `set`;
/*!40101 SET @saved_cs_client     = @@character_set_client */;
/*!40101 SET character_set_client = utf8 */;
CREATE TABLE `set` (
  `Id` int(11) NOT NULL AUTO_INCREMENT,
  `Key` varchar(100) NOT NULL,
  `Value` varchar(256) NOT NULL,
  `Score` float NOT NULL,
  `ExpireAt` datetime DEFAULT NULL,
  PRIMARY KEY (`Id`),
  UNIQUE KEY `IX_Set_Key_Value` (`Key`,`Value`)
) ENGINE=InnoDB DEFAULT CHARSET=utf8mb3 COLLATE=utf8mb3_general_ci;
/*!40101 SET character_set_client = @saved_cs_client */;

--
-- Dumping data for table `set`
--

LOCK TABLES `set` WRITE;
/*!40000 ALTER TABLE `set` DISABLE KEYS */;
/*!40000 ALTER TABLE `set` ENABLE KEYS */;
UNLOCK TABLES;

--
-- Table structure for table `state`
--

DROP TABLE IF EXISTS `state`;
/*!40101 SET @saved_cs_client     = @@character_set_client */;
/*!40101 SET character_set_client = utf8 */;
CREATE TABLE `state` (
  `Id` int(11) NOT NULL AUTO_INCREMENT,
  `JobId` int(11) NOT NULL,
  `Name` varchar(20) NOT NULL,
  `Reason` varchar(100) DEFAULT NULL,
  `CreatedAt` datetime(6) NOT NULL,
  `Data` longtext DEFAULT NULL,
  PRIMARY KEY (`Id`),
  KEY `FK_HangFire_State_Job` (`JobId`),
  CONSTRAINT `FK_HangFire_State_Job` FOREIGN KEY (`JobId`) REFERENCES `job` (`Id`) ON DELETE CASCADE ON UPDATE CASCADE
) ENGINE=InnoDB DEFAULT CHARSET=utf8mb3 COLLATE=utf8mb3_general_ci;
/*!40101 SET character_set_client = @saved_cs_client */;

--
-- Dumping data for table `state`
--

LOCK TABLES `state` WRITE;
/*!40000 ALTER TABLE `state` DISABLE KEYS */;
/*!40000 ALTER TABLE `state` ENABLE KEYS */;
UNLOCK TABLES;
/*!40103 SET TIME_ZONE=@OLD_TIME_ZONE */;

/*!40101 SET SQL_MODE=@OLD_SQL_MODE */;
/*!40014 SET FOREIGN_KEY_CHECKS=@OLD_FOREIGN_KEY_CHECKS */;
/*!40014 SET UNIQUE_CHECKS=@OLD_UNIQUE_CHECKS */;
/*!40101 SET CHARACTER_SET_CLIENT=@OLD_CHARACTER_SET_CLIENT */;
/*!40101 SET CHARACTER_SET_RESULTS=@OLD_CHARACTER_SET_RESULTS */;
/*!40101 SET COLLATION_CONNECTION=@OLD_COLLATION_CONNECTION */;
/*!40111 SET SQL_NOTES=@OLD_SQL_NOTES */;

-- Dump completed on 2024-05-30 23:16:22
